country;time;Migrant stock (male), % of population;Migrant stock (female), % of population
Afghanistan;1960;0.53;0.44
Afghanistan;1965;0.51;0.42
Afghanistan;1970;0.49;0.41
Afghanistan;1975;0.47;0.39
Albania;1960;2.79;3.28
Albania;1965;2.52;2.98
Albania;1970;2.32;2.75
Albania;1975;2.17;2.57
Algeria;1960;3.95;4.02
Algeria;1965;1.79;1.70
Algeria;1970;1.34;1.12
Algeria;1975;1.11;0.89
American Samoa;1960;12.63;11.07
American Samoa;1965;18.56;16.66
American Samoa;1970;27.56;25.34
American Samoa;1975;36.90;35.05
Andorra;1960;19.86;17.35
Andorra;1965;39.19;35.97
Andorra;1970;56.62;53.53
Andorra;1975;61.14;58.96
Angola;1960;2.90;1.99
Angola;1965;1.65;1.16
Angola;1970;0.94;0.67
Angola;1975;0.52;0.38
Anguilla;1960;7.74;8.58
Anguilla;1965;9.93;10.37
Anguilla;1970;12.62;12.48
Anguilla;1975;15.74;14.89
Antigua and Barbuda;1960;9.42;8.45
Antigua and Barbuda;1965;10.06;8.87
Antigua and Barbuda;1970;10.73;9.29
Antigua and Barbuda;1975;10.89;9.94
Argentina;1960;13.57;11.56
Argentina;1965;11.50;10.06
Argentina;1970;9.74;8.76
Argentina;1975;8.20;7.67
Aruba;1960;12.76;19.17
Aruba;1965;11.31;17.05
Aruba;1970;10.44;15.75
Aruba;1975;9.81;14.70
Australia;1960;18.22;14.79
Australia;1965;19.25;16.39
Australia;1970;20.45;18.13
Australia;1975;20.39;18.65
Austria;1960;10.67;12.14
Austria;1965;9.49;10.92
Austria;1970;8.33;9.72
Austria;1975;8.86;10.10
Bahamas;1960;12.16;8.66
Bahamas;1965;15.20;11.58
Bahamas;1970;20.03;16.43
Bahamas;1975;15.57;13.30
Bahrain;1960;22.96;10.33
Bahrain;1965;28.10;11.97
Bahrain;1970;22.59;11.14
Bahrain;1975;29.22;13.45
Bangladesh;1960;1.24;1.20
Bangladesh;1965;1.15;1.10
Bangladesh;1970;1.08;1.02
Bangladesh;1975;1.01;0.94
Barbados;1960;3.79;4.59
Barbados;1965;4.33;5.32
Barbados;1970;4.99;6.18
Barbados;1975;5.73;7.12
Belgium;1960;5.39;4.27
Belgium;1965;7.10;5.77
Belgium;1970;8.00;6.47
Belgium;1975;9.33;7.48
Belize;1960;8.97;7.47
Belize;1965;9.06;7.48
Belize;1970;9.15;7.49
Belize;1975;9.03;7.34
Benin;1960;1.64;1.38
Benin;1965;1.70;1.44
Benin;1970;1.75;1.51
Benin;1975;1.74;1.51
Bermuda;1960;19.31;19.81
Bermuda;1965;22.96;22.44
Bermuda;1970;28.58;26.56
Bermuda;1975;26.71;26.14
Bhutan;1960;6.90;1.63
Bhutan;1965;7.04;1.66
Bhutan;1970;7.04;1.65
Bhutan;1975;6.71;1.62
Bolivia;1960;1.46;1.10
Bolivia;1965;1.41;1.10
Bolivia;1970;1.35;1.10
Bolivia;1975;1.29;1.09
Botswana;1960;1.61;1.15
Botswana;1965;1.71;1.22
Botswana;1970;1.76;1.26
Botswana;1975;1.78;1.30
Brazil;1960;2.14;1.70
Brazil;1965;1.72;1.40
Brazil;1970;1.40;1.16
Brazil;1975;1.18;0.99
British Virgin Islands;1960;8.19;8.05
British Virgin Islands;1965;17.79;15.37
British Virgin Islands;1970;36.08;28.22
British Virgin Islands;1975;35.69;31.11
Brunei Darussalam;1960;28.27;21.80
Brunei Darussalam;1965;29.20;21.35
Brunei Darussalam;1970;29.80;20.63
Brunei Darussalam;1975;29.85;20.90
Bulgaria;1960;0.22;0.30
Bulgaria;1965;0.21;0.29
Bulgaria;1970;0.21;0.29
Bulgaria;1975;0.21;0.29
Burkina Faso;1960;1.24;1.43
Burkina Faso;1965;1.38;1.55
Burkina Faso;1970;1.51;1.67
Burkina Faso;1975;1.65;1.80
Burundi;1960;4.83;3.80
Burundi;1965;6.36;5.18
Burundi;1970;4.46;3.76
Burundi;1975;4.09;3.53
Cambodia;1960;7.26;6.77
Cambodia;1965;6.25;5.91
Cambodia;1970;5.03;4.83
Cambodia;1975;0.21;0.20
Cameroon;1960;3.67;2.83
Cameroon;1965;3.50;2.72
Cameroon;1970;3.30;2.59
Cameroon;1975;3.08;2.44
Canada;1960;15.82;15.06
Canada;1965;15.66;15.04
Canada;1970;15.11;14.83
Canada;1975;15.23;15.17
Cape Verde;1960;3.60;3.17
Cape Verde;1965;3.21;2.89
Cape Verde;1970;2.85;2.63
Cape Verde;1975;2.94;2.62
Cayman Islands;1960;12.80;9.83
Cayman Islands;1965;14.56;11.93
Cayman Islands;1970;16.90;14.72
Cayman Islands;1975;23.96;22.66
Central African Republic;1960;2.94;2.80
Central African Republic;1965;2.86;2.72
Central African Republic;1970;2.74;2.61
Central African Republic;1975;2.65;2.51
Chad;1960;2.11;1.61
Chad;1965;1.96;1.55
Chad;1970;1.83;1.48
Chad;1975;1.70;1.39
Channel Islands;1960;30.09;30.77
Channel Islands;1965;34.03;34.65
Channel Islands;1970;38.38;38.90
Channel Islands;1975;38.98;39.98
Chile;1960;1.56;1.18
Chile;1965;1.25;1.01
Chile;1970;1.02;0.87
Chile;1975;0.87;0.78
China;1960;0.04;0.04
China;1965;0.04;0.04
China;1970;0.03;0.03
China;1975;0.03;0.03
Colombia;1960;0.41;0.32
Colombia;1965;0.44;0.37
Colombia;1970;0.40;0.35
Colombia;1975;0.37;0.34
Comoros;1960;0.84;0.72
Comoros;1965;1.05;0.97
Comoros;1970;1.53;1.51
Comoros;1975;2.55;2.70
Congo;1960;2.55;2.65
Congo;1965;2.92;3.02
Congo;1970;3.31;3.41
Congo;1975;3.72;3.81
Cook Islands;1960;4.66;3.83
Cook Islands;1965;5.56;4.20
Cook Islands;1970;6.18;4.82
Cook Islands;1975;8.22;6.73
Costa Rica;1960;2.69;2.20
Costa Rica;1965;2.17;1.87
Costa Rica;1970;1.48;1.31
Costa Rica;1975;1.48;1.36
Cuba;1960;2.73;1.26
Cuba;1965;2.36;1.05
Cuba;1970;2.06;0.90
Cuba;1975;1.38;0.59
Cyprus;1960;5.22;5.11
Cyprus;1965;5.61;5.55
Cyprus;1970;5.54;5.67
Cyprus;1975;5.84;6.18
Czechoslovakia (former);1960;0.37;0.51
Czechoslovakia (former);1965;0.37;0.52
Czechoslovakia (former);1970;0.39;0.54
Czechoslovakia (former);1975;0.39;0.55
C™te d'Ivoire;1960;25.88;18.52
C™te d'Ivoire;1965;26.12;18.96
C™te d'Ivoire;1970;26.15;19.19
C™te d'Ivoire;1975;23.99;17.81
Democratic People's Republic of Korea;1960;0.26;0.20
Democratic People's Republic of Korea;1965;0.23;0.20
Democratic People's Republic of Korea;1970;0.21;0.19
Democratic People's Republic of Korea;1975;0.20;0.18
Democratic Republic of the Congo;1960;6.89;6.23
Democratic Republic of the Congo;1965;7.76;7.37
Democratic Republic of the Congo;1970;7.08;6.97
Democratic Republic of the Congo;1975;5.17;5.22
Denmark;1960;1.48;2.62
Denmark;1965;1.62;2.58
Denmark;1970;1.96;2.80
Denmark;1975;2.40;3.08
Djibouti;1960;16.27;11.50
Djibouti;1965;15.84;11.42
Djibouti;1970;15.15;11.42
Djibouti;1975;14.41;11.46
Dominica;1960;4.20;3.89
Dominica;1965;3.75;3.52
Dominica;1970;3.28;3.10
Dominica;1975;2.89;2.75
Dominican Republic;1960;6.28;2.28
Dominican Republic;1965;5.86;2.59
Dominican Republic;1970;5.48;2.97
Dominican Republic;1975;5.24;2.93
Ecuador;1960;0.59;0.49
Ecuador;1965;0.68;0.59
Ecuador;1970;0.79;0.71
Ecuador;1975;0.89;0.83
Egypt;1960;0.80;0.73
Egypt;1965;0.69;0.63
Egypt;1970;0.60;0.55
Egypt;1975;0.52;0.47
El Salvador;1960;0.68;1.79
El Salvador;1965;0.77;1.35
El Salvador;1970;0.82;0.91
El Salvador;1975;0.72;0.74
Equatorial Guinea;1960;10.94;4.54
Equatorial Guinea;1965;7.16;3.30
Equatorial Guinea;1970;4.61;2.37
Equatorial Guinea;1975;3.93;2.24
Eritrea;1960;0.63;0.45
Eritrea;1965;0.59;0.43
Eritrea;1970;0.55;0.42
Eritrea;1975;0.50;0.40
Ethiopia;1960;2.04;1.45
Ethiopia;1965;1.75;1.26
Ethiopia;1970;1.56;1.17
Ethiopia;1975;1.33;1.05
Faeroe Islands;1960;4.65;3.99
Faeroe Islands;1965;5.02;4.37
Faeroe Islands;1970;5.47;4.73
Faeroe Islands;1975;5.95;5.19
Falkland Islands (Malvinas);1960;28.58;11.05
Falkland Islands (Malvinas);1965;18.45;8.52
Falkland Islands (Malvinas);1970;9.02;5.06
Falkland Islands (Malvinas);1975;8.97;5.75
Federal Republic of Germany (former);1960;4.47;1.74
Federal Republic of Germany (former);1965;4.89;2.25
Federal Republic of Germany (former);1970;5.49;2.97
Federal Republic of Germany (former);1975;8.07;4.94
Fiji;1960;6.17;3.95
Fiji;1965;4.54;3.17
Fiji;1970;3.55;2.74
Fiji;1975;2.81;2.42
Finland;1960;0.66;0.79
Finland;1965;0.65;0.76
Finland;1970;0.66;0.75
Finland;1975;0.71;0.79
France;1960;8.78;6.64
France;1965;10.21;8.08
France;1970;11.36;9.22
France;1975;11.65;9.53
French Guiana;1960;27.75;21.43
French Guiana;1965;35.64;24.18
French Guiana;1970;38.41;25.55
French Guiana;1975;36.15;25.13
French Polynesia;1960;5.70;3.49
French Polynesia;1965;7.38;4.35
French Polynesia;1970;9.36;5.31
French Polynesia;1975;11.92;6.73
Gabon;1960;5.03;3.59
Gabon;1965;6.77;4.84
Gabon;1970;8.92;6.40
Gabon;1975;12.11;8.75
Gambia;1960;11.62;8.30
Gambia;1965;12.69;8.55
Gambia;1970;13.79;8.77
Gambia;1975;14.31;9.05
German Democratic Republic (former);1960;1.72;2.01
German Democratic Republic (former);1965;1.04;1.25
German Democratic Republic (former);1970;0.63;0.76
German Democratic Republic (former);1975;0.60;0.74
Germany;1960;;
Germany;1965;;
Germany;1970;;
Germany;1975;;
Ghana;1960;9.83;5.74
Ghana;1965;6.67;4.19
Ghana;1970;4.80;3.24
Ghana;1975;4.42;3.27
Gibraltar;1960;25.09;35.61
Gibraltar;1965;29.36;34.97
Gibraltar;1970;36.55;34.81
Gibraltar;1975;37.11;34.47
Greece;1960;0.70;0.57
Greece;1965;0.89;0.72
Greece;1970;1.12;0.93
Greece;1975;1.46;1.27
Greenland;1960;9.81;6.02
Greenland;1965;13.25;8.39
Greenland;1970;19.18;11.56
Greenland;1975;22.06;11.65
Grenada;1960;4.69;4.27
Grenada;1965;3.94;3.59
Grenada;1970;3.50;3.17
Grenada;1975;3.17;2.86
Guadeloupe;1960;3.50;3.31
Guadeloupe;1965;4.62;4.15
Guadeloupe;1970;5.52;4.87
Guadeloupe;1975;6.62;6.01
Guam;1960;54.84;33.50
Guam;1965;52.35;35.33
Guam;1970;49.72;37.36
Guam;1975;49.83;41.57
Guatemala;1960;1.07;1.02
Guatemala;1965;1.01;1.01
Guatemala;1970;0.71;0.80
Guatemala;1975;0.55;0.68
Guinea;1960;0.38;0.35
Guinea;1965;0.42;0.38
Guinea;1970;0.45;0.43
Guinea;1975;0.52;0.50
Guinea-Bissau;1960;1.99;1.93
Guinea-Bissau;1965;2.02;1.97
Guinea-Bissau;1970;2.06;2.00
Guinea-Bissau;1975;1.83;1.78
Guyana;1960;2.92;2.04
Guyana;1965;2.39;1.78
Guyana;1970;2.04;1.54
Guyana;1975;1.38;1.07
Haiti;1960;0.38;0.37
Haiti;1965;0.30;0.29
Haiti;1970;0.24;0.23
Haiti;1975;0.25;0.22
Holy See;1960;100.00;100.00
Holy See;1965;100.00;100.00
Holy See;1970;100.00;100.00
Holy See;1975;100.00;100.00
Honduras;1960;3.25;2.74
Honduras;1965;1.70;1.52
Honduras;1970;0.79;0.75
Honduras;1975;0.47;0.46
Hong Kong Special Administrative Region of China;1960;53.64;52.17
Hong Kong Special Administrative Region of China;1965;45.39;46.55
Hong Kong Special Administrative Region of China;1970;43.43;43.62
Hong Kong Special Administrative Region of China;1975;43.67;42.04
Hungary;1960;5.05;5.32
Hungary;1965;4.52;4.84
Hungary;1970;4.04;4.41
Hungary;1975;3.61;4.00
Iceland;1960;1.78;2.00
Iceland;1965;2.16;2.54
Iceland;1970;2.15;2.67
Iceland;1975;2.13;2.72
India;1960;2.17;2.02
India;1965;1.94;1.82
India;1970;1.71;1.61
India;1975;1.49;1.42
Indonesia;1960;2.09;1.91
Indonesia;1965;1.47;1.37
Indonesia;1970;1.02;0.98
Indonesia;1975;0.72;0.70
Iran (Islamic Republic of);1960;0.22;0.23
Iran (Islamic Republic of);1965;0.22;0.22
Iran (Islamic Republic of);1970;0.31;0.29
Iran (Islamic Republic of);1975;0.50;0.44
Iraq;1960;1.37;0.96
Iraq;1965;1.09;0.73
Iraq;1970;0.89;0.57
Iraq;1975;0.73;0.45
Ireland;1960;2.48;2.68
Ireland;1965;3.16;3.40
Ireland;1970;4.27;4.57
Ireland;1975;5.28;5.52
Isle of Man;1960;46.13;45.62
Isle of Man;1965;47.21;47.24
Isle of Man;1970;44.60;46.39
Isle of Man;1975;44.27;46.99
Israel;1960;55.79;56.38
Israel;1965;49.69;51.09
Israel;1970;47.52;49.73
Israel;1975;41.86;44.28
Italy;1960;0.82;1.03
Italy;1965;1.08;1.36
Italy;1970;1.42;1.80
Italy;1975;1.61;2.02
Jamaica;1960;1.44;1.25
Jamaica;1965;1.46;1.28
Jamaica;1970;1.45;1.35
Jamaica;1975;1.25;1.19
Japan;1960;0.82;0.67
Japan;1965;0.79;0.67
Japan;1970;0.75;0.64
Japan;1975;0.73;0.65
Jordan;1960;42.18;43.99
Jordan;1965;40.52;41.49
Jordan;1970;32.66;32.86
Jordan;1975;35.06;34.71
Kenya;1960;0.92;0.55
Kenya;1965;1.25;0.89
Kenya;1970;1.54;1.29
Kenya;1975;1.27;1.11
Kiribati;1960;2.38;1.36
Kiribati;1965;1.91;1.29
Kiribati;1970;1.54;1.15
Kiribati;1975;1.85;1.35
Kuwait;1960;38.82;22.24
Kuwait;1965;58.58;39.42
Kuwait;1970;68.44;54.17
Kuwait;1975;71.08;59.83
Lao People's Democratic Republic;1960;0.96;0.89
Lao People's Democratic Republic;1965;0.88;0.81
Lao People's Democratic Republic;1970;0.80;0.74
Lao People's Democratic Republic;1975;0.72;0.67
Lebanon;1960;8.10;7.94
Lebanon;1965;8.08;7.88
Lebanon;1970;7.94;7.68
Lebanon;1975;7.78;7.46
Lesotho;1960;0.40;0.35
Lesotho;1965;0.42;0.37
Lesotho;1970;0.43;0.39
Lesotho;1975;0.46;0.41
Liberia;1960;3.43;2.03
Liberia;1965;3.80;2.32
Liberia;1970;4.27;2.69
Liberia;1975;4.72;3.09
Libyan Arab Jamahiriya;1960;3.55;3.60
Libyan Arab Jamahiriya;1965;3.46;3.48
Libyan Arab Jamahiriya;1970;7.02;5.14
Libyan Arab Jamahiriya;1975;11.03;6.84
Liechtenstein;1960;23.22;25.87
Liechtenstein;1965;27.54;29.38
Liechtenstein;1970;32.56;33.12
Liechtenstein;1975;36.55;32.86
Luxembourg;1960;13.83;15.68
Luxembourg;1965;15.04;16.40
Luxembourg;1970;16.83;17.74
Luxembourg;1975;18.92;20.11
Macao Special Administrative Region of China;1960;53.42;39.19
Macao Special Administrative Region of China;1965;46.55;37.67
Macao Special Administrative Region of China;1970;40.44;36.24
Macao Special Administrative Region of China;1975;43.70;41.44
Madagascar;1960;2.46;2.49
Madagascar;1965;1.74;1.67
Madagascar;1970;1.16;1.06
Madagascar;1975;0.76;0.67
Malawi;1960;8.56;8.32
Malawi;1965;7.53;7.33
Malawi;1970;6.55;6.40
Malawi;1975;5.55;5.45
Malaysia;1960;0.79;0.60
Malaysia;1965;2.40;1.90
Malaysia;1970;7.43;6.12
Malaysia;1975;6.31;5.40
Maldives;1960;1.74;1.72
Maldives;1965;1.66;1.64
Maldives;1970;1.59;1.57
Maldives;1975;1.50;1.49
Mali;1960;3.26;3.37
Mali;1965;2.98;3.03
Mali;1970;2.73;2.73
Mali;1975;2.49;2.45
Malta;1960;0.46;0.63
Malta;1965;1.72;2.40
Malta;1970;2.89;3.95
Malta;1975;2.30;3.01
Marshall Islands;1960;6.60;4.88
Marshall Islands;1965;6.24;4.55
Marshall Islands;1970;5.88;4.24
Marshall Islands;1975;5.19;3.73
Martinique;1960;2.73;2.52
Martinique;1965;3.78;3.16
Martinique;1970;4.39;3.78
Martinique;1975;4.88;4.39
Mauritania;1960;1.66;1.15
Mauritania;1965;1.85;1.29
Mauritania;1970;2.06;1.45
Mauritania;1975;2.30;1.63
Mauritius;1960;1.89;1.22
Mauritius;1965;1.63;1.16
Mauritius;1970;1.44;1.11
Mauritius;1975;1.27;1.02
Mayotte;1960;5.78;4.86
Mayotte;1965;7.02;5.82
Mayotte;1970;8.13;6.59
Mayotte;1975;9.70;7.69
Mexico;1960;0.64;0.54
Mexico;1965;0.49;0.44
Mexico;1970;0.38;0.37
Mexico;1975;0.38;0.38
Micronesia (Federated States of);1960;15.06;11.08
Micronesia (Federated States of);1965;12.21;8.99
Micronesia (Federated States of);1970;9.87;7.28
Micronesia (Federated States of);1975;9.31;6.54
Monaco;1960;66.55;71.83
Monaco;1965;63.18;70.30
Monaco;1970;62.14;68.39
Monaco;1975;61.52;67.54
Mongolia;1960;0.41;0.36
Mongolia;1965;0.38;0.36
Mongolia;1970;0.37;0.35
Mongolia;1975;0.36;0.33
Montserrat;1960;7.48;8.52
Montserrat;1965;9.45;10.20
Montserrat;1970;11.79;12.09
Montserrat;1975;11.96;12.34
Morocco;1960;3.29;3.50
Morocco;1965;1.63;1.72
Morocco;1970;0.80;0.85
Morocco;1975;0.51;0.53
Mozambique;1960;0.14;0.10
Mozambique;1965;0.10;0.09
Mozambique;1970;0.08;0.08
Mozambique;1975;0.34;0.36
Myanmar;1960;1.51;1.21
Myanmar;1965;1.32;1.06
Myanmar;1970;1.14;0.93
Myanmar;1975;0.98;0.80
Namibia;1960;5.78;3.29
Namibia;1965;6.31;3.82
Namibia;1970;6.81;4.40
Namibia;1975;7.23;4.99
Nauru;1960;17.58;0.95
Nauru;1965;28.76;4.42
Nauru;1970;37.66;11.55
Nauru;1975;46.91;27.67
Nepal;1960;2.40;4.66
Nepal;1965;2.26;4.26
Nepal;1970;2.07;3.79
Nepal;1975;1.49;3.03
Netherlands;1960;3.22;4.56
Netherlands;1965;2.96;2.60
Netherlands;1970;2.52;1.49
Netherlands;1975;3.09;1.95
Netherlands Antilles;1960;21.64;18.74
Netherlands Antilles;1965;17.87;16.92
Netherlands Antilles;1970;14.71;15.26
Netherlands Antilles;1975;12.55;14.32
New Caledonia;1960;16.14;11.77
New Caledonia;1965;22.19;16.11
New Caledonia;1970;25.13;19.02
New Caledonia;1975;27.28;22.33
New Zealand;1960;14.81;13.33
New Zealand;1965;15.33;14.05
New Zealand;1970;14.99;14.06
New Zealand;1975;16.38;15.60
Nicaragua;1960;0.75;0.65
Nicaragua;1965;0.77;0.69
Nicaragua;1970;0.91;0.83
Nicaragua;1975;0.84;0.78
Niger;1960;1.76;1.64
Niger;1965;1.72;1.67
Niger;1970;1.69;1.70
Niger;1975;1.66;1.73
Nigeria;1960;0.27;0.15
Nigeria;1965;0.31;0.18
Nigeria;1970;0.35;0.21
Nigeria;1975;1.34;0.87
Niue;1960;5.80;4.05
Niue;1965;6.81;4.74
Niue;1970;8.58;6.27
Niue;1975;11.55;9.10
Northern Mariana Islands;1960;29.01;23.70
Northern Mariana Islands;1965;30.49;25.20
Northern Mariana Islands;1970;29.88;24.90
Northern Mariana Islands;1975;29.97;25.18
Norway;1960;1.58;1.86
Norway;1965;1.71;2.01
Norway;1970;1.87;2.17
Norway;1975;2.36;2.56
Occupied Palestinian Territory;1960;43.63;45.50
Occupied Palestinian Territory;1965;44.92;46.00
Occupied Palestinian Territory;1970;53.28;53.43
Occupied Palestinian Territory;1975;50.19;49.54
Oman;1960;12.30;3.24
Oman;1965;13.09;3.39
Oman;1970;13.50;3.49
Oman;1975;12.86;3.49
Pakistan;1960;12.83;13.25
Pakistan;1965;10.40;10.62
Pakistan;1970;8.22;8.32
Pakistan;1975;6.42;6.42
Palau;1960;4.24;2.31
Palau;1965;4.51;2.49
Palau;1970;4.87;2.74
Palau;1975;5.24;3.02
Panama;1960;6.81;5.29
Panama;1965;4.98;4.69
Panama;1970;3.62;4.16
Panama;1975;3.06;3.06
Papua New Guinea;1960;1.06;0.87
Papua New Guinea;1965;1.53;1.23
Papua New Guinea;1970;2.18;1.71
Papua New Guinea;1975;1.70;1.34
Paraguay;1960;2.80;2.45
Paraguay;1965;2.73;2.46
Paraguay;1970;3.04;2.84
Paraguay;1975;3.71;3.49
Peru;1960;0.74;0.60
Peru;1965;0.64;0.53
Peru;1970;0.55;0.47
Peru;1975;0.47;0.42
Philippines;1960;0.91;0.72
Philippines;1965;0.75;0.64
Philippines;1970;0.62;0.57
Philippines;1975;0.42;0.35
Pitcairn;1960;8.45;5.41
Pitcairn;1965;9.80;5.77
Pitcairn;1970;11.36;6.52
Pitcairn;1975;11.76;8.57
Poland;1960;7.79;8.55
Poland;1965;6.79;7.50
Poland;1970;6.07;6.69
Poland;1975;4.95;5.66
Portugal;1960;0.38;0.49
Portugal;1965;0.63;0.76
Portugal;1970;1.10;1.24
Portugal;1975;1.75;1.85
Puerto Rico;1960;2.76;2.67
Puerto Rico;1965;4.38;4.22
Puerto Rico;1970;7.01;6.90
Puerto Rico;1975;7.74;7.71
Qatar;1960;41.73;19.15
Qatar;1965;58.85;32.55
Qatar;1970;70.52;44.72
Qatar;1975;76.99;54.60
Republic of Korea;1960;0.56;0.52
Republic of Korea;1965;0.56;0.54
Republic of Korea;1970;0.58;0.56
Republic of Korea;1975;0.92;0.83
RŽunion;1960;3.91;2.82
RŽunion;1965;3.65;2.79
RŽunion;1970;3.97;3.12
RŽunion;1975;5.44;4.45
Romania;1960;1.67;1.92
Romania;1965;1.59;1.87
Romania;1970;1.27;1.52
Romania;1975;1.01;1.23
Rwanda;1960;0.92;1.05
Rwanda;1965;0.98;1.11
Rwanda;1970;0.88;1.01
Rwanda;1975;0.99;1.13
Saint Kitts and Nevis;1960;7.67;6.25
Saint Kitts and Nevis;1965;6.86;5.82
Saint Kitts and Nevis;1970;6.55;5.69
Saint Kitts and Nevis;1975;6.35;5.71
Saint Lucia;1960;2.83;2.62
Saint Lucia;1965;2.88;2.69
Saint Lucia;1970;2.91;2.73
Saint Lucia;1975;2.99;2.87
Saint Pierre and Miquelon;1960;4.79;6.02
Saint Pierre and Miquelon;1965;8.47;8.99
Saint Pierre and Miquelon;1970;10.57;10.58
Saint Pierre and Miquelon;1975;11.87;12.26
Saint Vincent and the Grenadines;1960;3.24;2.94
Saint Vincent and the Grenadines;1965;2.92;2.66
Saint Vincent and the Grenadines;1970;2.63;2.45
Saint Vincent and the Grenadines;1975;2.36;2.25
Samoa;1960;3.33;2.91
Samoa;1965;2.87;2.55
Samoa;1970;2.54;2.20
Samoa;1975;2.65;2.32
San Marino;1960;44.67;53.20
San Marino;1965;40.49;48.26
San Marino;1970;37.59;45.05
San Marino;1975;37.79;44.52
Sao Tome and Principe;1960;11.15;12.11
Sao Tome and Principe;1965;11.34;11.03
Sao Tome and Principe;1970;10.12;9.08
Sao Tome and Principe;1975;8.90;7.89
Saudi Arabia;1960;1.95;1.15
Saudi Arabia;1965;4.13;2.34
Saudi Arabia;1970;7.96;4.36
Saudi Arabia;1975;16.34;8.90
Senegal;1960;6.30;4.58
Senegal;1965;5.72;4.11
Senegal;1970;4.92;3.49
Senegal;1975;3.72;2.60
Seychelles;1960;2.56;1.35
Seychelles;1965;3.67;2.19
Seychelles;1970;5.66;3.91
Seychelles;1975;5.63;4.03
Sierra Leone;1960;2.68;1.42
Sierra Leone;1965;3.12;1.72
Sierra Leone;1970;3.63;2.08
Sierra Leone;1975;4.03;2.41
Singapore;1960;33.76;29.57
Singapore;1965;29.33;26.42
Singapore;1970;26.14;25.01
Singapore;1975;23.54;23.21
slov;1960;2.83;2.70
slov;1965;3.84;3.62
slov;1970;4.62;4.37
slov;1975;5.49;5.29
Socialist Federal Republic of Yugoslavia (former);1960;0.75;0.94
Socialist Federal Republic of Yugoslavia (former);1965;0.71;0.92
Socialist Federal Republic of Yugoslavia (former);1970;0.68;0.92
Socialist Federal Republic of Yugoslavia (former);1975;0.84;1.17
Solomon Islands;1960;3.17;3.10
Solomon Islands;1965;2.90;2.76
Solomon Islands;1970;2.61;2.46
Solomon Islands;1975;2.31;2.13
Somalia;1960;0.47;0.33
Somalia;1965;0.45;0.32
Somalia;1970;0.42;0.31
Somalia;1975;0.38;0.30
South Africa;1960;7.57;3.10
South Africa;1965;6.82;2.74
South Africa;1970;6.11;2.46
South Africa;1975;5.16;2.34
Spain;1960;0.68;0.70
Spain;1965;0.84;0.86
Spain;1970;1.04;1.07
Spain;1975;1.28;1.33
Sri Lanka;1960;10.20;9.86
Sri Lanka;1965;9.29;9.05
Sri Lanka;1970;8.71;8.63
Sri Lanka;1975;6.40;6.45
Sudan;1960;2.19;1.95
Sudan;1965;1.85;1.73
Sudan;1970;1.87;1.85
Sudan;1975;1.84;1.84
Suriname;1960;8.15;7.34
Suriname;1965;6.10;5.42
Suriname;1970;4.65;4.11
Suriname;1975;4.04;3.57
Swaziland;1960;5.16;4.57
Swaziland;1965;9.59;8.26
Swaziland;1970;7.97;7.22
Swaziland;1975;5.41;5.32
Sweden;1960;3.56;4.35
Sweden;1965;4.80;5.38
Sweden;1970;6.46;6.65
Sweden;1975;6.92;7.19
Switzerland;1960;12.92;13.86
Switzerland;1965;14.74;15.54
Switzerland;1970;17.23;18.08
Switzerland;1975;16.89;17.46
Syrian Arab Republic;1960;6.00;5.95
Syrian Arab Republic;1965;5.99;5.84
Syrian Arab Republic;1970;5.89;5.65
Syrian Arab Republic;1975;5.81;5.58
Thailand;1960;2.22;1.28
Thailand;1965;1.58;0.96
Thailand;1970;1.14;0.73
Thailand;1975;0.95;0.68
Timor-Leste;1960;1.52;1.33
Timor-Leste;1965;1.47;1.33
Timor-Leste;1970;1.42;1.33
Timor-Leste;1975;1.36;1.30
Togo;1960;6.35;6.58
Togo;1965;6.95;7.21
Togo;1970;6.66;6.92
Togo;1975;5.97;6.17
Tokelau;1960;5.73;5.76
Tokelau;1965;7.14;6.19
Tokelau;1970;10.71;7.62
Tokelau;1975;12.89;8.62
Tonga;1960;0.19;0.16
Tonga;1965;0.31;0.26
Tonga;1970;0.50;0.43
Tonga;1975;1.01;0.90
Trinidad and Tobago;1960;9.71;9.51
Trinidad and Tobago;1965;7.72;7.89
Trinidad and Tobago;1970;6.11;6.35
Trinidad and Tobago;1975;5.90;6.18
Tunisia;1960;3.89;4.13
Tunisia;1965;1.55;1.75
Tunisia;1970;0.97;1.04
Tunisia;1975;0.63;0.71
Turkey;1960;3.43;3.28
Turkey;1965;2.90;2.89
Turkey;1970;1.12;0.96
Turkey;1975;0.40;0.30
Turks and Caicos Islands;1960;3.60;2.76
Turks and Caicos Islands;1965;5.74;4.61
Turks and Caicos Islands;1970;9.12;7.62
Turks and Caicos Islands;1975;12.43;10.74
Tuvalu;1960;7.28;4.98
Tuvalu;1965;6.30;4.39
Tuvalu;1970;5.73;4.04
Tuvalu;1975;5.27;3.79
Uganda;1960;13.42;9.35
Uganda;1965;13.68;9.01
Uganda;1970;12.28;7.84
Uganda;1975;8.42;5.82
United Arab Emirates;1960;4.08;0.74
United Arab Emirates;1965;26.37;6.44
United Arab Emirates;1970;38.57;13.78
United Arab Emirates;1975;67.48;39.70
United Kingdom of Great Britain and Northern Ireland;1960;3.37;2.99
United Kingdom of Great Britain and Northern Ireland;1965;4.88;4.49
United Kingdom of Great Britain and Northern Ireland;1970;5.51;5.08
United Kingdom of Great Britain and Northern Ireland;1975;5.77;5.43
United Republic of Tanzania;1960;5.32;4.18
United Republic of Tanzania;1965;4.61;3.73
United Republic of Tanzania;1970;4.06;3.38
United Republic of Tanzania;1975;4.10;3.52
United States of America;1960;5.74;5.88
United States of America;1965;5.59;5.80
United States of America;1970;5.58;5.85
United States of America;1975;6.16;6.60
United States Virgin Islands;1960;37.38;36.60
United States Virgin Islands;1965;40.44;41.57
United States Virgin Islands;1970;51.08;54.12
United States Virgin Islands;1975;45.86;48.24
Uruguay;1960;7.89;7.25
Uruguay;1965;7.42;7.05
Uruguay;1970;5.73;5.65
Uruguay;1975;4.59;4.69
Vanuatu;1960;5.24;3.58
Vanuatu;1965;4.77;3.40
Vanuatu;1970;4.23;3.40
Vanuatu;1975;3.80;3.23
Venezuela (Bolivarian Republic of);1960;8.19;5.20
Venezuela (Bolivarian Republic of);1965;7.14;5.22
Venezuela (Bolivarian Republic of);1970;5.92;5.06
Venezuela (Bolivarian Republic of);1975;6.02;5.46
Viet Nam;1960;0.01;0.01
Viet Nam;1965;0.01;0.01
Viet Nam;1970;0.01;0.01
Viet Nam;1975;0.01;0.01
Wallis and Futuna Islands;1960;0.42;0.39
Wallis and Futuna Islands;1965;0.75;0.64
Wallis and Futuna Islands;1970;1.44;1.24
Wallis and Futuna Islands;1975;2.38;2.21
Western Sahara;1960;2.61;2.99
Western Sahara;1965;2.15;2.48
Western Sahara;1970;1.83;2.05
Western Sahara;1975;1.96;1.94
Yemen;1960;3.73;2.36
Yemen;1965;3.74;2.36
Yemen;1970;3.80;2.36
Yemen;1975;3.85;2.35
Zambia;1960;12.64;11.07
Zambia;1965;9.79;8.62
Zambia;1970;7.78;6.89
Zambia;1975;6.42;5.71
Zimbabwe;1960;15.71;4.96
Zimbabwe;1965;14.21;6.11
Zimbabwe;1970;11.96;7.23
Zimbabwe;1975;9.81;5.92
Afghanistan;1980;0.46;0.38
Albania;1980;2.01;2.48
Algeria;1980;1.07;0.89
American Samoa;1980;42.57;40.97
Andorra;1980;69.62;68.47
Angola;1980;1.32;0.97
Anguilla;1980;17.94;17.23
Antigua and Barbuda;1980;13.01;12.25
Argentina;1980;6.91;6.74
Aruba;1980;9.28;13.88
Australia;1980;20.46;18.96
Austria;1980;9.04;9.98
Bahamas;1980;11.88;11.05
Bahrain;1980;38.49;17.74
Bangladesh;1980;1.23;0.53
Barbados;1980;6.80;8.14
Belgium;1980;10.19;8.11
Belize;1980;10.60;8.66
Benin;1980;1.72;1.52
Bermuda;1980;24.85;25.75
Bhutan;1980;6.57;1.60
Bolivia;1980;1.16;1.02
Botswana;1980;1.76;1.30
Brazil;1980;0.99;0.84
British Virgin Islands;1980;35.63;35.25
Brunei Darussalam;1980;29.54;22.85
Bulgaria;1980;0.21;0.28
Burkina Faso;1980;2.40;2.57
Burundi;1980;5.71;5.15
Cambodia;1980;0.07;0.06
Cameroon;1980;2.83;2.27
Canada;1980;15.46;15.63
Cape Verde;1980;3.02;2.60
Cayman Islands;1980;32.45;33.30
Central African Republic;1980;2.55;2.33
Chad;1980;1.61;1.32
Channel Islands;1980;39.86;41.36
Chile;1980;0.76;0.71
China;1980;0.03;0.03
Colombia;1980;0.35;0.33
Comoros;1980;4.30;4.61
Congo;1980;4.16;4.23
Cook Islands;1980;12.92;10.97
Costa Rica;1980;2.97;2.87
Cuba;1980;0.95;0.40
Cyprus;1980;6.09;6.63
Czechoslovakia (former);1980;0.40;0.56
C™te d'Ivoire;1980;20.10;15.86
Democratic People's Republic of Korea;1980;0.20;0.17
Democratic Republic of the Congo;1980;4.41;4.45
Denmark;1980;2.97;3.42
Djibouti;1980;25.87;21.35
Dominica;1980;2.48;2.38
Dominican Republic;1980;5.08;2.93
Ecuador;1980;0.89;0.87
Egypt;1980;0.45;0.40
El Salvador;1980;0.62;0.65
Equatorial Guinea;1980;2.93;1.87
Eritrea;1980;0.46;0.37
Ethiopia;1980;1.25;1.03
Faeroe Islands;1980;6.47;5.59
Falkland Islands (Malvinas);1980;17.21;11.88
Federal Republic of Germany (former);1980;8.50;5.93
Fiji;1980;2.31;2.12
Finland;1980;0.78;0.84
France;1980;11.79;10.09
French Guiana;1980;37.72;29.88
French Polynesia;1980;14.50;9.09
Gabon;1980;16.15;11.75
Gambia;1980;14.67;9.87
German Democratic Republic (former);1980;0.57;0.71
Germany;1980;;
Ghana;1980;4.21;3.41
Gibraltar;1980;36.59;33.90
Greece;1980;1.86;1.71
Greenland;1980;22.61;11.57
Grenada;1980;2.91;2.63
Guadeloupe;1980;9.61;9.11
Guam;1980;49.57;45.98
Guatemala;1980;0.52;0.68
Guinea;1980;0.55;0.53
Guinea-Bissau;1980;1.56;1.52
Guyana;1980;0.92;0.72
Haiti;1980;0.27;0.23
Holy See;1980;100.00;100.00
Honduras;1980;0.91;0.89
Hong Kong Special Administrative Region of China;1980;42.77;40.52
Hungary;1980;3.24;3.64
Iceland;1980;2.24;2.82
India;1980;1.30;1.25
Indonesia;1980;0.52;0.51
Iran (Islamic Republic of);1980;1.52;1.30
Iraq;1980;0.62;0.36
Ireland;1980;6.45;6.68
Isle of Man;1980;44.38;47.69
Israel;1980;36.62;39.42
Italy;1980;1.75;2.17
Jamaica;1980;1.10;1.08
Japan;1980;0.72;0.66
Jordan;1980;36.16;36.69
Kenya;1980;1.03;0.94
Kiribati;1980;3.37;2.64
Kuwait;1980;76.63;61.76
Lao People's Democratic Republic;1980;0.86;0.80
Lebanon;1980;8.99;8.35
Lesotho;1980;0.89;0.77
Liberia;1980;4.99;3.49
Libyan Arab Jamahiriya;1980;12.24;7.73
Liechtenstein;1980;41.00;32.86
Luxembourg;1980;22.89;23.37
Macao Special Administrative Region of China;1980;47.08;47.43
Madagascar;1980;0.63;0.55
Malawi;1980;4.64;4.60
Malaysia;1980;6.05;5.41
Maldives;1980;1.45;1.36
Mali;1980;2.29;2.21
Malta;1980;1.71;2.17
Marshall Islands;1980;4.76;3.48
Martinique;1980;7.47;6.64
Mauritania;1980;2.57;1.84
Mauritius;1980;1.08;0.93
Mayotte;1980;11.71;9.13
Mexico;1980;0.43;0.43
Micronesia (Federated States of);1980;7.51;4.88
Monaco;1980;64.05;69.53
Mongolia;1980;0.35;0.31
Montserrat;1980;12.19;12.66
Morocco;1980;0.35;0.36
Mozambique;1980;0.84;0.88
Myanmar;1980;0.62;0.51
Namibia;1980;8.05;5.81
Nauru;1980;49.09;36.91
Nepal;1980;1.01;2.36
Netherlands;1980;4.03;2.91
Netherlands Antilles;1980;10.95;13.10
New Caledonia;1980;25.77;21.49
New Zealand;1980;15.30;14.60
Nicaragua;1980;0.81;0.77
Niger;1980;1.63;1.76
Nigeria;1980;2.09;1.44
Niue;1980;13.98;12.34
Northern Mariana Islands;1980;30.96;26.22
Norway;1980;2.98;3.05
Occupied Palestinian Territory;1980;46.67;47.11
Oman;1980;18.45;5.46
Pakistan;1980;6.25;5.87
Palau;1980;5.90;3.51
Panama;1980;2.61;2.30
Papua New Guinea;1980;1.14;0.98
Paraguay;1980;4.73;4.38
Peru;1980;0.40;0.37
Philippines;1980;0.32;0.24
Pitcairn;1980;9.68;6.25
Poland;1980;3.96;4.70
Portugal;1980;2.68;2.75
Puerto Rico;1980;8.46;8.52
Qatar;1980;84.05;51.16
Republic of Korea;1980;1.55;1.28
RŽunion;1980;7.13;5.75
Romania;1980;0.81;1.00
Rwanda;1980;0.98;1.06
Saint Kitts and Nevis;1980;6.27;5.81
Saint Lucia;1980;3.02;2.97
Saint Pierre and Miquelon;1980;13.05;13.28
Saint Vincent and the Grenadines;1980;2.13;2.11
Samoa;1980;2.94;2.66
San Marino;1980;35.85;41.91
Sao Tome and Principe;1980;7.61;6.61
Saudi Arabia;1980;25.19;13.89
Senegal;1980;2.41;1.81
Seychelles;1980;5.63;3.97
Sierra Leone;1980;3.53;2.21
Singapore;1980;21.66;22.04
slov;1980;6.56;5.55
Socialist Federal Republic of Yugoslavia (former);1980;1.08;1.55
Solomon Islands;1980;1.97;1.77
Somalia;1980;27.53;22.44
South Africa;1980;4.48;2.29
Spain;1980;1.58;1.66
Sri Lanka;1980;4.33;4.46
Sudan;1980;3.55;3.45
Suriname;1980;3.42;3.04
Swaziland;1980;5.88;5.33
Sweden;1980;7.31;7.72
Switzerland;1980;16.70;17.02
Syrian Arab Republic;1980;5.67;5.43
Thailand;1980;1.14;0.89
Timor-Leste;1980;1.33;1.32
Togo;1980;5.39;5.55
Tokelau;1980;15.53;10.93
Tonga;1980;1.86;1.73
Trinidad and Tobago;1980;5.53;5.84
Tunisia;1980;0.56;0.61
Turkey;1980;1.70;1.69
Turks and Caicos Islands;1980;17.38;15.27
Tuvalu;1980;4.90;3.55
Uganda;1980;6.12;4.58
United Arab Emirates;1980;77.52;55.71
United Kingdom of Great Britain and Northern Ireland;1980;6.08;5.84
United Republic of Tanzania;1980;3.17;2.81
United States of America;1980;6.83;7.42
United States Virgin Islands;1980;47.62;49.95
Uruguay;1980;3.91;4.10
Vanuatu;1980;3.17;2.80
Venezuela (Bolivarian Republic of);1980;6.64;6.16
Viet Nam;1980;0.08;0.06
Wallis and Futuna Islands;1980;3.53;3.36
Western Sahara;1980;1.45;1.43
Yemen;1980;3.83;2.36
Zambia;1980;5.10;4.56
Zimbabwe;1980;8.09;4.86
Afghanistan;1985;0.50;0.41
Albania;1985;1.91;2.35
Algeria;1985;1.42;1.19
American Samoa;1985;44.18;42.33
Andorra;1985;69.26;66.85
Angola;1985;1.32;1.02
Anguilla;1985;22.76;21.54
Antigua and Barbuda;1985;15.71;15.24
Argentina;1985;5.85;5.93
Aruba;1985;13.07;17.49
Australia;1985;20.48;19.31
Austria;1985;9.26;9.97
Bahamas;1985;11.34;10.44
Bahrain;1985;41.46;21.20
Bangladesh;1985;1.28;0.34
Barbados;1985;6.97;8.66
Belgium;1985;9.90;7.92
Belize;1985;16.84;14.23
Benin;1985;1.74;1.55
Bermuda;1985;25.51;26.08
Bhutan;1985;6.74;1.62
Bolivia;1985;1.04;0.94
Botswana;1985;2.05;1.41
Brazil;1985;0.75;0.64
British Virgin Islands;1985;40.97;40.68
Brunei Darussalam;1985;30.42;24.27
Bulgaria;1985;0.21;0.28
Burkina Faso;1985;3.44;3.65
Burundi;1985;7.23;6.84
Cambodia;1985;0.17;0.15
Cameroon;1985;2.61;2.11
Canada;1985;14.90;15.28
Cape Verde;1985;2.85;2.51
Cayman Islands;1985;41.37;41.62
Central African Republic;1985;2.40;2.10
Chad;1985;1.48;1.23
Channel Islands;1985;28.05;29.45
Chile;1985;0.76;0.73
China;1985;0.03;0.03
Colombia;1985;0.33;0.31
Comoros;1985;3.57;3.88
Congo;1985;4.67;4.72
Cook Islands;1985;14.74;12.54
Costa Rica;1985;4.33;4.32
Cuba;1985;0.67;0.28
Cyprus;1985;6.05;6.69
Czechoslovakia (former);1985;0.65;0.91
C™te d'Ivoire;1985;17.24;14.37
Democratic People's Republic of Korea;1985;0.19;0.16
Democratic Republic of the Congo;1985;2.28;2.34
Denmark;1985;3.68;3.97
Djibouti;1985;18.13;15.29
Dominica;1985;2.99;2.79
Dominican Republic;1985;4.96;2.96
Ecuador;1985;0.84;0.85
Egypt;1985;0.38;0.34
El Salvador;1985;0.55;0.58
Equatorial Guinea;1985;1.40;1.03
Eritrea;1985;0.43;0.35
Ethiopia;1985;1.55;1.30
Faeroe Islands;1985;7.12;6.13
Falkland Islands (Malvinas);1985;31.95;23.92
Federal Republic of Germany (former);1985;8.31;6.34
Fiji;1985;1.89;1.81
Finland;1985;0.99;1.00
France;1985;11.41;10.12
French Guiana;1985;44.75;38.28
French Polynesia;1985;15.83;11.25
Gabon;1985;16.07;11.77
Gambia;1985;14.99;10.74
German Democratic Republic (former);1985;0.54;0.69
Germany;1985;;
Ghana;1985;4.09;3.51
Gibraltar;1985;35.05;32.53
Greece;1985;3.30;2.94
Greenland;1985;22.34;11.63
Grenada;1985;3.23;3.04
Guadeloupe;1985;12.99;12.51
Guam;1985;52.47;47.43
Guatemala;1985;0.88;1.18
Guinea;1985;0.59;0.58
Guinea-Bissau;1985;1.39;1.36
Guyana;1985;0.74;0.59
Haiti;1985;0.28;0.23
Holy See;1985;100.00;100.00
Honduras;1985;1.98;1.93
Hong Kong Special Administrative Region of China;1985;40.33;39.72
Hungary;1985;3.01;3.39
Iceland;1985;2.60;3.29
India;1985;1.06;1.04
Indonesia;1985;0.36;0.37
Iran (Islamic Republic of);1985;6.46;5.31
Iraq;1985;0.90;0.49
Ireland;1985;6.21;6.52
Isle of Man;1985;48.95;51.38
Israel;1985;35.42;38.80
Italy;1985;2.00;2.40
Jamaica;1985;0.95;0.96
Japan;1985;0.73;0.68
Jordan;1985;34.18;35.55
Kenya;1985;0.80;0.74
Kiribati;1985;3.56;3.02
Kuwait;1985;75.10;68.24
Lao People's Democratic Republic;1985;0.65;0.61
Lebanon;1985;12.55;11.52
Lesotho;1985;1.31;1.09
Liberia;1985;4.30;3.21
Libyan Arab Jamahiriya;1985;13.05;8.15
Liechtenstein;1985;39.15;33.75
Luxembourg;1985;26.88;26.67
Macao Special Administrative Region of China;1985;49.66;51.27
Madagascar;1985;0.53;0.46
Malawi;1985;3.91;3.93
Malaysia;1985;6.24;5.34
Maldives;1985;1.40;1.24
Mali;1985;2.09;1.98
Malta;1985;1.27;1.58
Marshall Islands;1985;4.21;3.07
Martinique;1985;9.47;8.64
Mauritania;1985;2.90;2.09
Mauritius;1985;0.93;0.88
Mayotte;1985;14.56;11.44
Mexico;1985;0.64;0.63
Micronesia (Federated States of);1985;5.87;3.64
Monaco;1985;65.29;68.98
Mongolia;1985;0.33;0.31
Montserrat;1985;15.30;15.20
Morocco;1985;0.27;0.27
Mozambique;1985;0.45;0.47
Myanmar;1985;0.39;0.32
Namibia;1985;8.74;6.70
Nauru;1985;50.55;38.72
Nepal;1985;1.07;2.66
Netherlands;1985;5.74;4.78
Netherlands Antilles;1985;14.01;16.39
New Caledonia;1985;24.24;20.28
New Zealand;1985;14.86;14.46
Nicaragua;1985;1.16;1.12
Niger;1985;1.63;1.78
Nigeria;1985;0.47;0.34
Niue;1985;17.83;17.15
Northern Mariana Islands;1985;55.44;49.99
Norway;1985;3.58;3.53
Occupied Palestinian Territory;1985;43.91;44.19
Oman;1985;27.03;8.43
Pakistan;1985;6.72;6.04
Palau;1985;11.66;7.31
Panama;1985;2.63;2.36
Papua New Guinea;1985;1.21;1.00
Paraguay;1985;4.89;4.52
Peru;1985;0.32;0.31
Philippines;1985;0.29;0.24
Pitcairn;1985;12.90;6.45
Poland;1985;3.17;3.90
Portugal;1985;3.42;3.48
Puerto Rico;1985;8.62;8.89
Qatar;1985;86.16;61.71
Republic of Korea;1985;1.50;1.26
RŽunion;1985;8.72;7.06
Romania;1985;0.66;0.83
Rwanda;1985;1.27;1.38
Saint Kitts and Nevis;1985;7.25;6.62
Saint Lucia;1985;3.45;3.41
Saint Pierre and Miquelon;1985;15.24;15.04
Saint Vincent and the Grenadines;1985;2.78;2.82
Samoa;1985;1.58;1.50
San Marino;1985;34.62;40.20
Sao Tome and Principe;1985;6.42;5.63
Saudi Arabia;1985;33.03;18.28
Senegal;1985;2.86;2.36
Seychelles;1985;6.06;4.21
Sierra Leone;1985;3.09;2.03
Singapore;1985;21.95;23.81
slov;1985;7.54;5.38
Socialist Federal Republic of Yugoslavia (former);1985;1.41;2.07
Solomon Islands;1985;1.67;1.46
Somalia;1985;13.31;11.07
South Africa;1985;7.16;3.83
Spain;1985;1.82;1.91
Sri Lanka;1985;3.03;3.09
Sudan;1985;5.98;5.72
Suriname;1985;4.09;3.67
Swaziland;1985;6.52;5.17
Sweden;1985;7.58;8.08
Switzerland;1985;18.78;18.43
Syrian Arab Republic;1985;5.92;5.69
Thailand;1985;0.85;0.69
Timor-Leste;1985;1.25;1.27
Togo;1985;4.62;4.72
Tokelau;1985;19.65;13.26
Tonga;1985;3.75;3.56
Trinidad and Tobago;1985;4.53;4.95
Tunisia;1985;0.51;0.53
Turkey;1985;1.81;1.83
Turks and Caicos Islands;1985;27.23;25.55
Tuvalu;1985;4.43;3.24
Uganda;1985;4.72;3.84
United Arab Emirates;1985;78.55;58.35
United Kingdom of Great Britain and Northern Ireland;1985;6.29;6.21
United Republic of Tanzania;1985;2.62;2.41
United States of America;1985;7.93;8.27
United States Virgin Islands;1985;46.68;48.83
Uruguay;1985;3.30;3.58
Vanuatu;1985;2.22;1.94
Venezuela (Bolivarian Republic of);1985;6.09;5.83
Viet Nam;1985;0.05;0.04
Wallis and Futuna Islands;1985;5.34;5.15
Western Sahara;1985;1.34;1.30
Yemen;1985;3.35;2.09
Zambia;1985;4.34;3.97
Zimbabwe;1985;7.26;4.37
Afghanistan;1990;0.50;0.42
Albania;1990;1.81;2.21
Algeria;1990;1.18;0.99
American Samoa;1990;46.22;44.08
Andorra;1990;75.28;71.99
Angola;1990;0.35;0.28
Anguilla;1990;27.69;28.72
Antigua and Barbuda;1990;19.43;19.42
Argentina;1990;4.93;5.22
Aruba;1990;20.66;24.95
Australia;1990;21.33;20.58
Austria;1990;10.03;10.63
Bahamas;1990;10.90;10.12
Bahrain;1990;43.27;23.87
Bangladesh;1990;1.29;0.22
Barbados;1990;7.18;9.22
Belgium;1990;9.91;8.09
Belize;1990;17.08;14.93
Benin;1990;1.70;1.48
Bermuda;1990;26.08;26.37
Bhutan;1990;6.90;1.64
Bolivia;1990;0.92;0.87
Botswana;1990;2.50;1.59
Brazil;1990;0.57;0.49
British Virgin Islands;1990;46.05;45.89
Brunei Darussalam;1990;30.81;25.88
Bulgaria;1990;0.21;0.28
Burkina Faso;1990;3.81;4.01
Burundi;1990;5.89;5.83
Cambodia;1990;0.41;0.38
Cameroon;1990;2.39;1.95
Canada;1990;16.06;16.40
Cape Verde;1990;2.67;2.39
Cayman Islands;1990;49.41;47.89
Central African Republic;1990;2.33;1.96
Chad;1990;1.33;1.11
Channel Islands;1990;27.57;29.05
Chile;1990;0.84;0.79
China;1990;0.03;0.03
Colombia;1990;0.32;0.31
Comoros;1990;3.07;3.37
Congo;1990;5.29;5.31
Cook Islands;1990;15.59;13.43
Costa Rica;1990;13.55;13.59
Cuba;1990;0.46;0.19
Cyprus;1990;6.03;6.84
Czechoslovakia (former);1990;2.74;3.24
C™te d'Ivoire;1990;15.45;13.27
Democratic People's Republic of Korea;1990;0.18;0.16
Democratic Republic of the Congo;1990;1.99;2.08
Denmark;1990;4.52;4.63
Djibouti;1990;23.00;20.64
Dominica;1990;3.83;3.50
Dominican Republic;1990;4.88;3.00
Ecuador;1990;0.75;0.79
Egypt;1990;0.32;0.29
El Salvador;1990;0.86;0.92
Equatorial Guinea;1990;0.78;0.66
Eritrea;1990;0.40;0.35
Ethiopia;1990;2.53;2.25
Faeroe Islands;1990;6.54;5.59
Falkland Islands (Malvinas);1990;47.72;34.87
Federal Republic of Germany (former);1990;;
Fiji;1990;1.92;1.86
Finland;1990;1.31;1.23
France;1990;10.85;9.92
French Guiana;1990;51.52;46.24
French Polynesia;1990;15.19;11.09
Gabon;1990;15.89;11.71
Gambia;1990;14.98;11.44
German Democratic Republic (former);1990;;
Germany;1990;8.60;6.43
Ghana;1990;5.27;4.29
Gibraltar;1990;32.11;30.66
Greece;1990;4.39;3.73
Greenland;1990;19.70;10.32
Grenada;1990;4.44;4.43
Guadeloupe;1990;17.33;16.82
Guam;1990;55.17;48.58
Guatemala;1990;2.51;3.43
Guinea;1990;3.84;4.01
Guinea-Bissau;1990;1.37;1.34
Guyana;1990;0.60;0.49
Haiti;1990;0.30;0.24
Holy See;1990;100.00;100.00
Honduras;1990;5.60;5.44
Hong Kong Special Administrative Region of China;1990;38.48;39.32
Hungary;1990;3.14;3.55
Iceland;1990;3.32;4.21
India;1990;0.87;0.86
Indonesia;1990;0.26;0.27
Iran (Islamic Republic of);1990;8.41;6.67
Iraq;1990;0.61;0.31
Ireland;1990;6.39;6.59
Isle of Man;1990;48.48;50.65
Israel;1990;34.29;38.04
Italy;1990;2.33;2.67
Jamaica;1990;0.87;0.88
Japan;1990;0.91;0.84
Jordan;1990;34.59;35.92
Kenya;1990;0.71;0.68
Kiribati;1990;3.14;2.89
Kuwait;1990;79.35;66.90
Lao People's Democratic Republic;1990;0.56;0.53
Lebanon;1990;18.49;16.77
Lesotho;1990;0.58;0.46
Liberia;1990;4.15;3.32
Libyan Arab Jamahiriya;1990;12.82;7.87
Liechtenstein;1990;41.26;33.99
Luxembourg;1990;30.00;29.61
Macao Special Administrative Region of China;1990;52.21;55.44
Madagascar;1990;0.44;0.38
Malawi;1990;12.09;12.39
Malaysia;1990;6.11;5.08
Maldives;1990;1.32;1.13
Mali;1990;1.98;1.84
Malta;1990;1.41;1.79
Marshall Islands;1990;3.77;2.74
Martinique;1990;11.01;10.56
Mauritania;1990;5.47;3.97
Mauritius;1990;0.81;0.84
Mayotte;1990;18.11;14.00
Mexico;1990;0.85;0.83
Micronesia (Federated States of);1990;4.81;2.82
Monaco;1990;67.28;69.87
Mongolia;1990;0.31;0.30
Montserrat;1990;19.24;18.28
Morocco;1990;0.23;0.23
Mozambique;1990;0.90;0.90
Myanmar;1990;0.36;0.30
Namibia;1990;8.65;7.21
Nauru;1990;48.26;37.64
Nepal;1990;1.26;3.28
Netherlands;1990;8.06;7.88
Netherlands Antilles;1990;18.89;21.30
New Caledonia;1990;23.89;20.07
New Zealand;1990;15.61;15.30
Nicaragua;1990;1.00;0.97
Niger;1990;1.64;1.79
Nigeria;1990;0.52;0.40
Niue;1990;21.05;19.01
Northern Mariana Islands;1990;62.93;60.21
Norway;1990;4.80;4.41
Occupied Palestinian Territory;1990;42.19;42.35
Oman;1990;32.64;10.86
Pakistan;1990;5.99;5.31
Palau;1990;22.78;15.03
Panama;1990;2.67;2.44
Papua New Guinea;1990;0.89;0.71
Paraguay;1990;4.48;4.14
Peru;1990;0.26;0.26
Philippines;1990;0.27;0.24
Pitcairn;1990;12.50;6.06
Poland;1990;2.60;3.30
Portugal;1990;4.33;4.40
Puerto Rico;1990;8.98;9.26
Qatar;1990;87.63;61.84
Republic of Korea;1990;1.43;1.23
RŽunion;1990;10.55;8.77
Romania;1990;0.54;0.69
Rwanda;1990;0.97;1.06
Saint Kitts and Nevis;1990;8.42;7.55
Saint Lucia;1990;3.88;3.84
Saint Pierre and Miquelon;1990;18.11;17.26
Saint Vincent and the Grenadines;1990;3.64;3.81
Samoa;1990;2.06;1.90
San Marino;1990;33.61;38.80
Sao Tome and Principe;1990;5.29;4.72
Saudi Arabia;1990;36.82;19.62
Senegal;1990;3.67;3.45
Seychelles;1990;6.13;4.20
Sierra Leone;1990;4.51;3.10
Singapore;1990;22.61;25.63
slov;1990;8.04;5.79
Socialist Federal Republic of Yugoslavia (former);1990;3.77;4.14
Solomon Islands;1990;1.60;1.37
Somalia;1990;10.20;9.01
South Africa;1990;4.22;2.46
Spain;1990;2.08;2.19
Sri Lanka;1990;2.64;2.67
Sudan;1990;4.81;4.59
Suriname;1990;4.70;4.16
Swaziland;1990;9.38;7.27
Sweden;1990;8.92;9.25
Switzerland;1990;21.11;19.91
Syrian Arab Republic;1990;5.52;5.33
Thailand;1990;0.73;0.64
Timor-Leste;1990;1.17;1.25
Togo;1990;4.11;4.17
Tokelau;1990;18.55;14.98
Tonga;1990;3.25;3.13
Trinidad and Tobago;1990;3.90;4.38
Tunisia;1990;0.46;0.47
Turkey;1990;2.01;2.09
Turks and Caicos Islands;1990;44.92;43.84
Tuvalu;1990;4.24;3.06
Uganda;1990;3.29;2.92
United Arab Emirates;1990;72.90;68.13
United Kingdom of Great Britain and Northern Ireland;1990;6.43;6.55
United Republic of Tanzania;1990;2.31;2.21
United States of America;1990;9.10;9.15
United States Virgin Islands;1990;49.72;51.08
Uruguay;1990;3.02;3.28
Vanuatu;1990;1.54;1.34
Venezuela (Bolivarian Republic of);1990;5.20;5.18
Viet Nam;1990;0.05;0.04
Wallis and Futuna Islands;1990;9.94;9.23
Western Sahara;1990;1.26;1.17
Yemen;1990;3.42;2.15
Zambia;1990;3.66;3.42
Zimbabwe;1990;7.50;4.51
Afghanistan;1995;0.42;0.35
Albania;1995;2.10;2.45
Algeria;1995;1.15;0.96
American Samoa;1995;44.58;42.85
Andorra;1995;68.64;67.97
Angola;1995;0.32;0.28
Anguilla;1995;31.54;34.01
Antigua and Barbuda;1995;19.77;20.73
Argentina;1995;4.36;4.77
Aruba;1995;23.56;27.95
Australia;1995;21.41;21.13
Austria;1995;12.20;12.71
Bahamas;1995;10.51;9.67
Bahrain;1995;42.94;25.49
Bangladesh;1995;1.33;0.22
Barbados;1995;7.59;10.07
Belgium;1995;9.87;8.32
Belize;1995;18.17;16.73
Benin;1995;2.73;2.38
Bermuda;1995;26.95;27.20
Bhutan;1995;8.71;2.04
Bolivia;1995;0.95;0.91
Botswana;1995;3.04;2.01
Brazil;1995;0.49;0.42
British Virgin Islands;1995;43.22;43.21
Brunei Darussalam;1995;31.92;27.04
Bulgaria;1995;0.48;0.63
Burkina Faso;1995;4.48;4.67
Burundi;1995;4.73;4.84
Cambodia;1995;1.05;1.00
Cameroon;1995;1.93;1.58
Canada;1995;16.89;17.55
Cape Verde;1995;2.54;2.31
Cayman Islands;1995;55.97;53.67
Central African Republic;1995;2.18;1.83
Chad;1995;1.20;1.00
Channel Islands;1995;38.65;40.88
Chile;1995;0.95;0.93
China;1995;0.03;0.04
Colombia;1995;0.31;0.29
Comoros;1995;2.68;2.97
Congo;1995;4.71;4.68
Cook Islands;1995;15.91;13.55
Costa Rica;1995;6.53;6.60
Cuba;1995;0.32;0.13
Cyprus;1995;6.87;8.22
Czechoslovakia (former);1995;3.34;3.88
C™te d'Ivoire;1995;14.20;12.23
Democratic People's Republic of Korea;1995;0.17;0.16
Democratic Republic of the Congo;1995;4.15;4.39
Denmark;1995;5.62;5.75
Djibouti;1995;17.80;15.93
Dominica;1995;4.70;4.22
Dominican Republic;1995;4.84;3.07
Ecuador;1995;0.76;0.79
Egypt;1995;0.29;0.26
El Salvador;1995;0.48;0.51
Equatorial Guinea;1995;0.83;0.73
Eritrea;1995;0.40;0.35
Ethiopia;1995;1.48;1.31
Faeroe Islands;1995;4.39;3.68
Falkland Islands (Malvinas);1995;55.13;38.28
Federal Republic of Germany (former);1995;;
Fiji;1995;1.96;1.89
Finland;1995;2.09;1.96
France;1995;10.82;10.18
French Guiana;1995;49.73;47.74
French Polynesia;1995;14.93;11.04
Gabon;1995;17.39;12.88
Gambia;1995;15.03;12.26
German Democratic Republic (former);1995;;
Germany;1995;12.51;9.61
Ghana;1995;6.78;5.25
Gibraltar;1995;29.60;29.29
Greece;1995;5.63;4.68
Greenland;1995;18.23;9.49
Grenada;1995;5.70;5.92
Guadeloupe;1995;18.40;18.23
Guam;1995;53.52;44.96
Guatemala;1995;0.39;0.52
Guinea;1995;10.29;11.48
Guinea-Bissau;1995;2.75;2.69
Guyana;1995;0.79;0.65
Haiti;1995;0.32;0.24
Holy See;1995;100.00;100.00
Honduras;1995;0.56;0.54
Hong Kong Special Administrative Region of China;1995;38.22;40.03
Hungary;1995;2.65;3.01
Iceland;1995;3.54;4.51
India;1995;0.74;0.74
Indonesia;1995;0.12;0.11
Iran (Islamic Republic of);1995;5.56;4.12
Iraq;1995;0.86;0.41
Ireland;1995;7.28;7.33
Isle of Man;1995;48.56;50.72
Israel;1995;33.74;37.64
Italy;1995;2.84;3.17
Jamaica;1995;0.91;0.91
Japan;1995;1.11;1.07
Jordan;1995;36.49;38.30
Kenya;1995;1.94;1.90
Kiribati;1995;2.71;2.53
Kuwait;1995;72.12;49.65
Lao People's Democratic Republic;1995;0.50;0.47
Lebanon;1995;19.48;18.11
Lesotho;1995;0.41;0.31
Liberia;1995;11.36;9.12
Libyan Arab Jamahiriya;1995;12.87;7.80
Liechtenstein;1995;40.43;36.70
Luxembourg;1995;31.30;30.85
Macao Special Administrative Region of China;1995;52.05;56.81
Madagascar;1995;0.36;0.31
Malawi;1995;3.15;3.27
Malaysia;1995;6.32;5.25
Maldives;1995;1.24;1.07
Mali;1995;1.90;1.74
Malta;1995;1.62;2.13
Marshall Islands;1995;3.59;2.61
Martinique;1995;12.47;12.36
Mauritania;1995;5.98;4.37
Mauritius;1995;1.41;1.85
Mayotte;1995;23.12;21.06
Mexico;1995;0.51;0.49
Micronesia (Federated States of);1995;3.90;2.31
Monaco;1995;67.17;69.23
Mongolia;1995;0.32;0.33
Montserrat;1995;18.66;16.94
Morocco;1995;0.21;0.21
Mozambique;1995;1.55;1.54
Myanmar;1995;0.28;0.23
Namibia;1995;7.94;6.69
Nauru;1995;47.41;37.60
Nepal;1995;1.67;4.11
Netherlands;1995;8.99;8.96
Netherlands Antilles;1995;21.66;24.34
New Caledonia;1995;24.86;21.35
New Zealand;1995;16.04;16.21
Nicaragua;1995;0.58;0.57
Niger;1995;1.74;1.93
Nigeria;1995;0.58;0.47
Niue;1995;21.78;19.37
Northern Mariana Islands;1995;67.21;58.35
Norway;1995;5.50;5.36
Occupied Palestinian Territory;1995;46.16;45.61
Oman;1995;35.97;13.67
Pakistan;1995;3.30;2.94
Palau;1995;29.82;24.37
Panama;1995;2.80;2.66
Papua New Guinea;1995;0.77;0.55
Paraguay;1995;3.94;3.67
Peru;1995;0.21;0.22
Philippines;1995;0.31;0.29
Pitcairn;1995;12.90;6.67
Poland;1995;2.15;2.83
Portugal;1995;5.29;5.23
Puerto Rico;1995;8.94;9.34
Qatar;1995;86.99;58.34
Republic of Korea;1995;1.39;1.23
RŽunion;1995;12.75;10.97
Romania;1995;0.55;0.64
Rwanda;1995;5.97;6.41
Saint Kitts and Nevis;1995;8.96;7.88
Saint Lucia;1995;4.29;4.28
Saint Pierre and Miquelon;1995;22.06;20.32
Saint Vincent and the Grenadines;1995;4.92;5.25
Samoa;1995;2.84;2.56
San Marino;1995;32.48;37.31
Sao Tome and Principe;1995;4.67;4.19
Saudi Arabia;1995;31.88;16.89
Senegal;1995;3.31;3.40
Seychelles;1995;6.67;4.62
Sierra Leone;1995;2.97;2.13
Singapore;1995;25.95;31.07
slov;1995;8.33;6.64
Socialist Federal Republic of Yugoslavia (former);1995;8.26;9.15
Solomon Islands;1995;1.57;1.34
Somalia;1995;0.30;0.27
South Africa;1995;3.29;2.03
Spain;1995;2.61;2.67
Sri Lanka;1995;2.34;2.33
Sudan;1995;3.69;3.51
Suriname;1995;5.45;4.76
Swaziland;1995;4.02;3.26
Sweden;1995;10.02;10.49
Switzerland;1995;21.52;20.31
Syrian Arab Republic;1995;5.68;5.50
Thailand;1995;0.97;0.86
Timor-Leste;1995;1.08;1.19
Togo;1995;3.80;3.83
Tokelau;1995;18.76;16.49
Tonga;1995;2.28;2.22
Trinidad and Tobago;1995;3.42;3.82
Tunisia;1995;0.42;0.42
Turkey;1995;1.92;2.05
Turks and Caicos Islands;1995;35.68;34.58
Tuvalu;1995;3.40;2.44
Uganda;1995;3.27;3.05
United Arab Emirates;1995;75.24;61.48
United Kingdom of Great Britain and Northern Ireland;1995;7.07;7.36
United Republic of Tanzania;1995;3.85;3.72
United States of America;1995;10.59;10.49
United States Virgin Islands;1995;50.27;51.23
Uruguay;1995;2.76;3.01
Vanuatu;1995;1.04;0.92
Venezuela (Bolivarian Republic of);1995;4.61;4.62
Viet Nam;1995;0.07;0.04
Wallis and Futuna Islands;1995;12.05;11.48
Western Sahara;1995;1.20;1.07
Yemen;1995;2.96;1.89
Zambia;1995;3.06;2.89
Zimbabwe;1995;4.65;2.76
Afghanistan;2000;0.40;0.33
Albania;2000;2.36;2.64
Algeria;2000;0.89;0.75
American Samoa;2000;43.78;42.53
Andorra;2000;63.95;62.92
Angola;2000;0.33;0.31
Anguilla;2000;34.67;38.11
Antigua and Barbuda;2000;20.24;20.86
Argentina;2000;3.96;4.37
Aruba;2000;30.19;34.74
Australia;2000;20.99;21.02
Austria;2000;12.36;12.54
Bahamas;2000;10.29;9.38
Bahrain;2000;44.26;26.75
Bangladesh;2000;1.19;0.20
Barbados;2000;8.19;11.19
Belgium;2000;9.14;8.13
Belize;2000;14.68;14.33
Benin;2000;2.16;1.86
Bermuda;2000;27.97;28.23
Bhutan;2000;9.21;2.15
Bolivia;2000;1.11;1.04
Botswana;2000;3.78;2.73
Brazil;2000;0.43;0.36
British Virgin Islands;2000;40.78;40.94
Brunei Darussalam;2000;33.50;28.75
Bulgaria;2000;1.09;1.43
Burkina Faso;2000;4.82;4.99
Burundi;2000;1.16;1.22
Cambodia;2000;1.88;1.83
Cameroon;2000;1.58;1.30
Canada;2000;17.64;18.56
Cape Verde;2000;2.47;2.27
Cayman Islands;2000;60.93;57.52
Central African Republic;2000;2.07;1.73
Chad;2000;1.36;1.14
Channel Islands;2000;41.15;44.16
Chile;2000;1.14;1.16
China;2000;0.04;0.04
Colombia;2000;0.29;0.26
Comoros;2000;2.35;2.65
Congo;2000;3.48;3.43
Cook Islands;2000;17.13;14.50
Costa Rica;2000;7.85;7.98
Cuba;2000;0.23;0.09
Cyprus;2000;8.97;11.35
Czechoslovakia (former);2000;3.42;3.90
C™te d'Ivoire;2000;14.49;12.48
Democratic People's Republic of Korea;2000;0.16;0.16
Democratic Republic of the Congo;2000;1.17;1.25
Denmark;2000;6.83;7.08
Djibouti;2000;16.02;14.20
Dominica;2000;5.80;5.13
Dominican Republic;2000;4.86;3.18
Ecuador;2000;0.82;0.82
Egypt;2000;0.25;0.23
El Salvador;2000;0.52;0.54
Equatorial Guinea;2000;0.92;0.79
Eritrea;2000;0.38;0.33
Ethiopia;2000;1.08;0.95
Faeroe Islands;2000;5.34;4.47
Falkland Islands (Malvinas);2000;65.50;42.94
Federal Republic of Germany (former);2000;;
Fiji;2000;2.03;1.94
Finland;2000;2.63;2.54
France;2000;10.78;10.47
French Guiana;2000;47.74;49.28
French Polynesia;2000;14.46;11.14
Gabon;2000;19.62;14.55
Gambia;2000;15.20;13.26
German Democratic Republic (former);2000;;
Germany;2000;13.28;11.09
Ghana;2000;8.85;6.53
Gibraltar;2000;27.42;28.82
Greece;2000;7.36;6.03
Greenland;2000;16.54;8.75
Grenada;2000;7.54;8.15
Guadeloupe;2000;19.26;19.49
Guam;2000;52.79;42.60
Guatemala;2000;0.38;0.47
Guinea;2000;7.96;8.98
Guinea-Bissau;2000;1.49;1.46
Guyana;2000;1.16;0.95
Haiti;2000;0.34;0.26
Holy See;2000;100.00;100.00
Honduras;2000;0.47;0.45
Hong Kong Special Administrative Region of China;2000;38.05;41.89
Hungary;2000;2.71;3.09
Iceland;2000;5.12;6.19
India;2000;0.61;0.62
Indonesia;2000;0.15;0.14
Iran (Islamic Republic of);2000;4.88;3.47
Iraq;2000;0.81;0.37
Ireland;2000;10.14;10.10
Isle of Man;2000;49.97;51.83
Israel;2000;33.15;40.92
Italy;2000;3.54;3.88
Jamaica;2000;0.97;0.95
Japan;2000;1.29;1.37
Jordan;2000;39.14;40.34
Kenya;2000;2.40;2.40
Kiribati;2000;2.49;2.30
Kuwait;2000;74.79;55.77
Lao People's Democratic Republic;2000;0.42;0.39
Lebanon;2000;19.12;17.65
Lesotho;2000;0.38;0.28
Liberia;2000;6.27;5.05
Libyan Arab Jamahiriya;2000;12.93;7.75
Liechtenstein;2000;35.55;32.78
Luxembourg;2000;32.42;32.04
Macao Special Administrative Region of China;2000;51.60;57.18
Madagascar;2000;0.30;0.25
Malawi;2000;2.32;2.42
Malaysia;2000;7.25;6.09
Maldives;2000;1.20;1.02
Mali;2000;1.64;1.48
Malta;2000;2.07;2.51
Marshall Islands;2000;3.59;2.62
Martinique;2000;13.96;14.32
Mauritania;2000;2.76;2.04
Mauritius;2000;2.40;4.09
Mayotte;2000;27.12;26.94
Mexico;2000;0.53;0.51
Micronesia (Federated States of);2000;3.13;2.66
Monaco;2000;67.22;68.66
Mongolia;2000;0.32;0.36
Montserrat;2000;3.94;3.40
Morocco;2000;0.19;0.18
Mozambique;2000;2.00;2.02
Myanmar;2000;0.23;0.19
Namibia;2000;7.39;6.31
Nauru;2000;50.34;40.62
Nepal;2000;1.76;4.11
Netherlands;2000;9.91;10.02
Netherlands Antilles;2000;23.92;26.95
New Caledonia;2000;24.64;21.45
New Zealand;2000;17.49;17.92
Nicaragua;2000;0.61;0.59
Niger;2000;1.40;1.60
Nigeria;2000;0.66;0.55
Niue;2000;23.26;20.41
Northern Mariana Islands;2000;75.13;56.43
Norway;2000;6.68;6.64
Occupied Palestinian Territory;2000;44.86;44.53
Oman;2000;35.47;12.86
Pakistan;2000;3.05;2.66
Palau;2000;35.76;28.95
Panama;2000;2.95;2.91
Papua New Guinea;2000;0.58;0.36
Paraguay;2000;3.38;3.18
Peru;2000;0.17;0.19
Philippines;2000;0.42;0.41
Pitcairn;2000;12.90;7.41
Poland;2000;1.81;2.45
Portugal;2000;6.33;6.10
Puerto Rico;2000;9.03;9.54
Qatar;2000;87.23;56.11
Republic of Korea;2000;1.23;1.22
RŽunion;2000;15.51;13.83
Romania;2000;0.59;0.63
Rwanda;2000;4.72;5.10
Saint Kitts and Nevis;2000;9.45;8.14
Saint Lucia;2000;4.68;4.73
Saint Pierre and Miquelon;2000;24.17;21.59
Saint Vincent and the Grenadines;2000;5.68;6.16
Samoa;2000;3.41;3.04
San Marino;2000;31.82;36.39
Sao Tome and Principe;2000;4.15;3.74
Saudi Arabia;2000;29.81;18.33
Senegal;2000;2.30;2.36
Seychelles;2000;9.39;6.80
Sierra Leone;2000;2.62;1.97
Singapore;2000;29.74;37.60
slov;2000;8.55;7.45
Socialist Federal Republic of Yugoslavia (former);2000;7.63;8.61
Solomon Islands;2000;1.56;1.32
Somalia;2000;0.29;0.25
South Africa;2000;2.77;1.80
Spain;2000;4.44;4.27
Sri Lanka;2000;2.12;2.09
Sudan;2000;2.51;2.38
Suriname;2000;6.32;5.45
Swaziland;2000;3.74;3.10
Sweden;2000;10.85;11.54
Switzerland;2000;22.39;21.14
Syrian Arab Republic;2000;5.67;5.52
Thailand;2000;1.33;1.21
Timor-Leste;2000;1.07;1.21
Togo;2000;3.36;3.36
Tokelau;2000;17.26;16.54
Tonga;2000;1.64;1.60
Trinidad and Tobago;2000;3.04;3.39
Tunisia;2000;0.38;0.38
Turkey;2000;1.81;1.99
Turks and Caicos Islands;2000;30.54;29.47
Tuvalu;2000;2.71;1.96
Uganda;2000;2.59;2.55
United Arab Emirates;2000;75.33;60.79
United Kingdom of Great Britain and Northern Ireland;2000;7.86;8.39
United Republic of Tanzania;2000;2.66;2.61
United States of America;2000;12.23;11.97
United States Virgin Islands;2000;51.63;52.82
Uruguay;2000;2.54;2.79
Vanuatu;2000;0.73;0.66
Venezuela (Bolivarian Republic of);2000;4.15;4.17
Viet Nam;2000;0.09;0.05
Wallis and Futuna Islands;2000;13.82;13.51
Western Sahara;2000;1.11;0.97
Yemen;2000;2.77;1.76
Zambia;2000;3.50;3.34
Zimbabwe;2000;4.20;2.45
Afghanistan;2005;0.38;0.32
Albania;2005;2.52;2.79
Algeria;2005;0.80;0.67
American Samoa;2005;42.72;41.96
Andorra;2005;63.52;62.55
Angola;2005;0.33;0.34
Anguilla;2005;34.64;39.88
Antigua and Barbuda;2005;20.78;22.74
Argentina;2005;3.67;4.04
Aruba;2005;30.85;35.14
Australia;2005;21.01;21.50
Austria;2005;14.09;14.00
Bahamas;2005;10.21;9.25
Bahrain;2005;45.31;28.66
Bangladesh;2005;1.15;0.19
Barbados;2005;8.55;12.06
Belgium;2005;8.85;8.11
Belize;2005;14.13;14.66
Benin;2005;2.56;2.20
Bermuda;2005;29.09;29.40
Bhutan;2005;8.91;2.24
Bolivia;2005;1.29;1.19
Botswana;2005;4.88;3.84
Brazil;2005;0.40;0.34
British Virgin Islands;2005;38.55;38.20
Brunei Darussalam;2005;35.76;31.19
Bulgaria;2005;1.17;1.51
Burkina Faso;2005;5.52;5.73
Burundi;2005;1.05;1.16
Cambodia;2005;2.19;2.19
Cameroon;2005;1.30;1.08
Canada;2005;18.93;20.09
Cape Verde;2005;2.44;2.26
Cayman Islands;2005;66.97;62.21
Central African Republic;2005;2.01;1.69
Chad;2005;3.75;3.41
Channel Islands;2005;44.23;47.77
Chile;2005;1.37;1.47
China;2005;0.04;0.05
Colombia;2005;0.27;0.24
Comoros;2005;2.07;2.36
Congo;2005;3.81;3.73
Cook Islands;2005;15.89;13.33
Costa Rica;2005;10.11;10.35
Cuba;2005;0.19;0.08
Cyprus;2005;12.24;15.46
Czechoslovakia (former);2005;3.48;3.92
C™te d'Ivoire;2005;13.23;11.37
Democratic People's Republic of Korea;2005;0.15;0.16
Democratic Republic of the Congo;2005;0.77;0.85
Denmark;2005;7.55;7.98
Djibouti;2005;14.68;12.73
Dominica;2005;7.21;6.21
Dominican Republic;2005;4.91;3.33
Ecuador;2005;0.96;0.93
Egypt;2005;0.34;0.30
El Salvador;2005;0.59;0.59
Equatorial Guinea;2005;1.02;0.89
Eritrea;2005;0.36;0.30
Ethiopia;2005;0.79;0.69
Faeroe Islands;2005;6.74;5.67
Falkland Islands (Malvinas);2005;67.08;43.98
Federal Republic of Germany (former);2005;;
Fiji;2005;2.13;2.02
Finland;2005;3.30;3.24
France;2005;10.71;10.53
French Guiana;2005;49.35;49.28
French Polynesia;2005;13.99;11.39
Gabon;2005;20.45;15.29
Gambia;2005;15.71;14.67
German Democratic Republic (former);2005;;
Germany;2005;14.02;11.75
Ghana;2005;8.75;6.45
Gibraltar;2005;29.11;30.87
Greece;2005;9.78;7.87
Greenland;2005;14.94;7.99
Grenada;2005;9.92;11.24
Guadeloupe;2005;20.24;20.76
Guam;2005;50.24;40.33
Guatemala;2005;0.39;0.45
Guinea;2005;4.07;4.64
Guinea-Bissau;2005;1.32;1.29
Guyana;2005;1.38;1.23
Haiti;2005;0.37;0.27
Holy See;2005;100.00;100.00
Honduras;2005;0.39;0.37
Hong Kong Special Administrative Region of China;2005;35.99;42.78
Hungary;2005;3.06;3.53
Iceland;2005;7.30;7.97
India;2005;0.52;0.52
Indonesia;2005;0.07;0.06
Iran (Islamic Republic of);2005;3.45;2.36
Iraq;2005;0.62;0.29
Ireland;2005;14.79;14.71
Isle of Man;2005;51.15;52.48
Israel;2005;35.47;43.99
Italy;2005;5.01;5.44
Jamaica;2005;1.05;0.99
Japan;2005;1.48;1.65
Jordan;2005;41.70;42.60
Kenya;2005;2.17;2.24
Kiribati;2005;2.25;2.08
Kuwait;2005;80.35;52.37
Lao People's Democratic Republic;2005;0.36;0.33
Lebanon;2005;18.36;17.01
Lesotho;2005;0.36;0.27
Liberia;2005;3.21;2.60
Libyan Arab Jamahiriya;2005;12.96;7.69
Liechtenstein;2005;35.67;32.83
Luxembourg;2005;33.79;33.53
Macao Special Administrative Region of China;2005;55.64;58.28
Madagascar;2005;0.24;0.21
Malawi;2005;1.99;2.09
Malaysia;2005;8.57;7.24
Maldives;2005;1.17;0.98
Mali;2005;1.48;1.32
Malta;2005;2.82;2.97
Marshall Islands;2005;3.40;2.46
Martinique;2005;16.01;16.45
Mauritania;2005;2.53;1.89
Mauritius;2005;2.41;4.10
Mayotte;2005;32.74;32.60
Mexico;2005;0.59;0.56
Micronesia (Federated States of);2005;2.77;2.48
Monaco;2005;70.03;69.52
Mongolia;2005;0.33;0.38
Montserrat;2005;2.12;1.80
Morocco;2005;0.17;0.16
Mozambique;2005;1.93;1.97
Myanmar;2005;0.21;0.18
Namibia;2005;7.02;6.10
Nauru;2005;53.97;43.45
Nepal;2005;1.87;4.13
Netherlands;2005;10.42;10.85
Netherlands Antilles;2005;23.44;26.32
New Caledonia;2005;24.58;21.79
New Zealand;2005;20.35;21.36
Nicaragua;2005;0.66;0.62
Niger;2005;1.29;1.50
Nigeria;2005;0.74;0.64
Niue;2005;25.43;21.90
Northern Mariana Islands;2005;76.77;53.03
Norway;2005;7.88;8.11
Occupied Palestinian Territory;2005;44.19;44.09
Oman;2005;35.50;12.23
Pakistan;2005;2.29;1.98
Palau;2005;33.31;26.07
Panama;2005;3.12;3.21
Papua New Guinea;2005;0.51;0.32
Paraguay;2005;2.93;2.77
Peru;2005;0.14;0.16
Philippines;2005;0.43;0.44
Pitcairn;2005;15.38;8.33
Poland;2005;1.83;2.47
Portugal;2005;7.40;7.10
Puerto Rico;2005;8.87;9.13
Qatar;2005;81.66;77.37
Republic of Korea;2005;1.14;1.18
RŽunion;2005;18.99;17.56
Romania;2005;0.61;0.63
Rwanda;2005;4.63;5.05
Saint Kitts and Nevis;2005;9.99;8.42
Saint Lucia;2005;5.22;5.28
Saint Pierre and Miquelon;2005;19.52;17.26
Saint Vincent and the Grenadines;2005;6.51;7.13
Samoa;2005;4.23;3.74
San Marino;2005;35.22;40.12
Sao Tome and Principe;2005;3.71;3.35
Saudi Arabia;2005;33.94;18.06
Senegal;2005;1.93;1.98
Seychelles;2005;11.66;8.75
Sierra Leone;2005;3.33;2.65
Singapore;2005;30.77;39.31
slov;2005;9.25;8.41
Socialist Federal Republic of Yugoslavia (former);2005;7.05;8.00
Solomon Islands;2005;1.48;1.25
Somalia;2005;0.27;0.23
South Africa;2005;3.09;2.12
Spain;2005;11.38;10.04
Sri Lanka;2005;1.91;1.85
Sudan;2005;1.70;1.61
Suriname;2005;7.37;6.22
Swaziland;2005;3.71;3.16
Sweden;2005;11.85;12.69
Switzerland;2005;22.91;21.72
Syrian Arab Republic;2005;7.02;6.85
Thailand;2005;1.56;1.42
Timor-Leste;2005;1.12;1.29
Togo;2005;3.06;3.04
Tokelau;2005;20.66;21.89
Tonga;2005;1.16;1.13
Trinidad and Tobago;2005;2.71;3.02
Tunisia;2005;0.35;0.35
Turkey;2005;1.79;1.96
Turks and Caicos Islands;2005;19.92;19.07
Tuvalu;2005;2.19;1.60
Uganda;2005;2.28;2.27
United Arab Emirates;2005;74.39;60.71
United Kingdom of Great Britain and Northern Ireland;2005;9.26;10.09
United Republic of Tanzania;2005;2.05;2.04
United States of America;2005;13.13;12.82
United States Virgin Islands;2005;53.34;54.54
Uruguay;2005;2.41;2.64
Vanuatu;2005;0.50;0.46
Venezuela (Bolivarian Republic of);2005;3.77;3.80
Viet Nam;2005;0.08;0.05
Wallis and Futuna Islands;2005;15.94;15.78
Western Sahara;2005;0.97;0.83
Yemen;2005;2.64;1.68
Zambia;2005;2.49;2.41
Zimbabwe;2005;4.02;2.30
Afghanistan;2010;0.34;0.28
Albania;2010;2.67;2.94
Algeria;2010;0.74;0.62
American Samoa;2010;41.58;41.24
Andorra;2010;64.90;63.91
Angola;2010;0.33;0.36
Anguilla;2010;35.56;42.90
Antigua and Barbuda;2010;21.92;25.17
Argentina;2010;3.39;3.73
Aruba;2010;29.70;33.96
Australia;2010;21.41;22.38
Austria;2010;15.85;15.40
Bahamas;2010;10.17;9.17
Bahrain;2010;45.72;30.15
Bangladesh;2010;1.12;0.19
Barbados;2010;8.86;12.92
Belgium;2010;9.42;8.82
Belize;2010;14.22;15.71
Benin;2010;2.72;2.32
Bermuda;2010;30.51;30.84
Bhutan;2010;8.79;2.22
Bolivia;2010;1.53;1.38
Botswana;2010;6.23;5.38
Brazil;2010;0.38;0.32
British Virgin Islands;2010;36.96;36.16
Brunei Darussalam;2010;38.48;34.16
Bulgaria;2010;1.25;1.60
Burkina Faso;2010;6.30;6.51
Burundi;2010;0.66;0.76
Cambodia;2010;2.20;2.26
Cameroon;2010;1.07;0.90
Canada;2010;20.52;21.97
Cape Verde;2010;2.44;2.27
Cayman Islands;2010;66.16;59.97
Central African Republic;2010;1.94;1.64
Chad;2010;3.53;3.22
Channel Islands;2010;47.81;51.77
Chile;2010;1.76;1.98
China;2010;0.05;0.05
Colombia;2010;0.25;0.22
Comoros;2010;1.82;2.09
Congo;2010;3.86;3.76
Cook Islands;2010;15.33;12.76
Costa Rica;2010;10.39;10.70
Cuba;2010;0.19;0.08
Cyprus;2010;15.42;19.54
Czechoslovakia (former);2010;3.48;3.89
C™te d'Ivoire;2010;12.04;10.24
Democratic People's Republic of Korea;2010;0.15;0.16
Democratic Republic of the Congo;2010;0.62;0.69
Denmark;2010;8.72;8.92
Djibouti;2010;14.05;11.92
Dominica;2010;9.00;7.55
Dominican Republic;2010;4.99;3.50
Ecuador;2010;2.94;2.77
Egypt;2010;0.31;0.27
El Salvador;2010;0.66;0.65
Equatorial Guinea;2010;1.15;1.00
Eritrea;2010;0.35;0.29
Ethiopia;2010;0.69;0.60
Faeroe Islands;2010;7.06;5.90
Falkland Islands (Malvinas);2010;69.22;45.18
Federal Republic of Germany (former);2010;;
Fiji;2010;2.23;2.10
Finland;2010;4.27;4.18
France;2010;10.70;10.65
French Guiana;2010;46.58;46.39
French Polynesia;2010;13.65;11.86
Gabon;2010;21.61;16.25
Gambia;2010;16.55;16.59
German Democratic Republic (former);2010;;
Germany;2010;14.25;12.01
Ghana;2010;8.74;6.45
Gibraltar;2010;28.82;30.77
Greece;2010;11.31;8.96
Greenland;2010;12.88;7.11
Grenada;2010;11.04;13.11
Guadeloupe;2010;22.18;22.72
Guam;2010;48.66;38.87
Guatemala;2010;0.39;0.44
Guinea;2010;3.55;4.10
Guinea-Bissau;2010;1.18;1.16
Guyana;2010;1.59;1.45
Haiti;2010;0.39;0.29
Holy See;2010;100.00;100.00
Honduras;2010;0.33;0.31
Hong Kong Special Administrative Region of China;2010;35.19;42.01
Hungary;2010;3.39;3.96
Iceland;2010;11.11;11.51
India;2010;0.44;0.45
Indonesia;2010;0.06;0.05
Iran (Islamic Republic of);2010;3.42;2.24
Iraq;2010;0.36;0.17
Ireland;2010;19.72;19.44
Isle of Man;2010;54.49;54.76
Israel;2010;35.91;44.75
Italy;2010;7.16;7.68
Jamaica;2010;1.13;1.06
Japan;2010;1.58;1.84
Jordan;2010;45.56;46.33
Kenya;2010;1.97;2.03
Kiribati;2010;2.06;1.91
Kuwait;2010;81.05;50.79
Lao People's Democratic Republic;2010;0.31;0.28
Lebanon;2010;18.51;17.16
Lesotho;2010;0.35;0.26
Liberia;2010;2.59;2.11
Libyan Arab Jamahiriya;2010;13.02;7.66
Liechtenstein;2010;36.46;32.90
Luxembourg;2010;35.32;35.14
Macao Special Administrative Region of China;2010;55.48;54.05
Madagascar;2010;0.20;0.17
Malawi;2010;1.71;1.81
Malaysia;2010;9.12;7.75
Maldives;2010;1.14;0.94
Mali;2010;1.30;1.15
Malta;2010;3.66;3.88
Marshall Islands;2010;3.13;2.25
Martinique;2010;17.12;18.03
Mauritania;2010;3.36;2.53
Mauritius;2010;2.45;4.15
Mayotte;2010;36.05;36.03
Mexico;2010;0.67;0.64
Micronesia (Federated States of);2010;2.52;2.28
Monaco;2010;72.94;70.41
Mongolia;2010;0.35;0.40
Montserrat;2010;1.97;1.66
Morocco;2010;0.16;0.15
Mozambique;2010;1.89;1.95
Myanmar;2010;0.18;0.17
Namibia;2010;6.67;5.89
Nauru;2010;57.50;46.14
Nepal;2010;2.03;4.29
Netherlands;2010;10.16;10.88
Netherlands Antilles;2010;24.59;28.00
New Caledonia;2010;25.10;22.00
New Zealand;2010;21.54;23.16
Nicaragua;2010;0.72;0.66
Niger;2010;1.17;1.37
Nigeria;2010;0.75;0.68
Niue;2010;27.75;23.44
Northern Mariana Islands;2010;75.20;51.86
Norway;2010;9.82;10.18
Occupied Palestinian Territory;2010;43.58;43.68
Oman;2010;40.00;13.52
Pakistan;2010;2.46;2.11
Palau;2010;31.33;24.42
Panama;2010;3.33;3.57
Papua New Guinea;2010;0.44;0.27
Paraguay;2010;2.56;2.44
Peru;2010;0.12;0.13
Philippines;2010;0.45;0.48
Pitcairn;2010;15.38;8.33
Poland;2010;1.85;2.48
Portugal;2010;8.78;8.35
Puerto Rico;2010;8.00;8.20
Qatar;2010;85.15;90.83
Republic of Korea;2010;1.05;1.15
RŽunion;2010;21.33;20.47
Romania;2010;0.63;0.63
Rwanda;2010;4.31;4.73
Saint Kitts and Nevis;2010;10.45;8.84
Saint Lucia;2010;5.82;5.88
Saint Pierre and Miquelon;2010;18.04;15.80
Saint Vincent and the Grenadines;2010;7.51;8.25
Samoa;2010;5.33;4.68
San Marino;2010;34.68;39.38
Sao Tome and Principe;2010;3.33;3.02
Saudi Arabia;2010;35.48;18.46
Senegal;2010;1.61;1.66
Seychelles;2010;14.63;10.97
Sierra Leone;2010;2.04;1.63
Singapore;2010;35.59;45.79
slov;2010;9.93;9.46
Socialist Federal Republic of Yugoslavia (former);2010;6.55;7.42
Solomon Islands;2010;1.41;1.18
Somalia;2010;0.27;0.22
South Africa;2010;4.29;3.10
Spain;2010;14.85;13.31
Sri Lanka;2010;1.70;1.63
Sudan;2010;1.80;1.69
Suriname;2010;8.21;6.85
Swaziland;2010;3.59;3.14
Sweden;2010;13.53;14.57
Switzerland;2010;23.90;22.55
Syrian Arab Republic;2010;9.91;9.69
Thailand;2010;1.78;1.62
Timor-Leste;2010;1.10;1.27
Togo;2010;2.75;2.72
Tokelau;2010;20.23;22.72
Tonga;2010;0.82;0.80
Trinidad and Tobago;2010;2.42;2.69
Tunisia;2010;0.33;0.32
Turkey;2010;1.78;1.95
Turks and Caicos Islands;2010;19.39;18.54
Tuvalu;2010;1.77;1.29
Uganda;2010;1.91;1.91
United Arab Emirates;2010;75.69;58.30
United Kingdom of Great Britain and Northern Ireland;2010;9.87;10.96
United Republic of Tanzania;2010;1.46;1.47
United States of America;2010;13.72;13.25
United States Virgin Islands;2010;55.73;57.25
Uruguay;2010;2.26;2.47
Vanuatu;2010;0.35;0.32
Venezuela (Bolivarian Republic of);2010;3.45;3.49
Viet Nam;2010;0.10;0.06
Wallis and Futuna Islands;2010;18.21;17.92
Western Sahara;2010;0.90;0.76
Yemen;2010;2.61;1.65
Zambia;2010;1.78;1.74
Zimbabwe;2010;3.78;2.16